"","abreviatura","entidad","ene","feb","mar","abr","may","jun","jul","ago","sep","oct","nov","dic","anual","agnio"
"1","AGS","AGUASCALIENTES ",32.7,109,0,0.6,5.3,56.4,138.7,70.6,77.6,2.2,0,0,493.1,"2010"
"2","BC","BAJA CALIFORNIA ",79.6,57,23,30.3,0,0,0.4,2.9,3.9,29.7,8.9,61.7,297.4,"2010"
"3","BCS","BAJA CALIFORNIA SUR ",6.4,17.2,1.9,0,0,0,0.8,6.7,73.7,2.1,0,0.5,109.3,"2010"
"4","CAMP","CAMPECHE ",51.3,10.3,3.6,29.1,107.4,327.7,266,279.2,237.5,56,48,9.1,1425.2,"2010"
"5","COAH","COAHUILA ",37.6,31.4,6.8,80.2,83,74.1,177.8,16.3,81.9,2,0.9,0,592,"2010"
"6","COL","COLIMA ",26.7,191.7,0,0,0.1,83.2,238.7,356.2,301.1,3.1,0,0,1200.8,"2010"
"7","CHIS","CHIAPAS ",45.1,17.8,14.8,70.4,186.4,507.5,395.1,756.7,559.5,58.4,89.9,28.7,2730.3,"2010"
"8","CHIH","CHIHUAHUA ",32.8,21.1,1.4,13,4.1,36.9,180.1,76.3,100.2,3.7,0.2,0.2,470,"2010"
"9","CDMX","DISTRITO FEDERAL ",25.8,57.3,1.6,14.9,27.3,94.3,203.3,174.5,93.7,3.7,1.4,0.1,697.9,"2010"
"10","DGO","DURANGO ",10.5,38.7,7.4,3.8,7.8,59.4,199,75.6,154,2.9,0,0.2,559.3,"2010"
"11","GTO","GUANAJUATO ",53.1,151.6,0.6,5.5,6.5,79.5,243,125.8,131.3,0.7,0,0.1,797.7,"2010"
"12","GRO","GUERRERO ",36.4,113.9,0,0,7.4,201.7,318.4,518.2,310,9,6,0,1521,"2010"
"13","HGO","HIDALGO ",61.7,85.1,5.3,59,32.7,48.8,337.9,100.9,174.2,20.4,9.2,3.5,938.7,"2010"
"14","JAL","JALISCO ",29,122.3,0,0.8,5,125.4,282.8,216.9,156.9,1.2,0,0,940.3,"2010"
"15","MEX","ESTADO DE MÉXICO ",35.1,124.3,0.4,12.3,22.8,89.7,243.7,161.5,114.3,3.8,1.8,0,809.7,"2010"
"16","MICH","MICHOACÁN ",43.1,179.1,0.2,1.7,10.3,131.4,330.1,232.7,152.7,2.9,2.1,0,1086.3,"2010"
"17","MOR","MORELOS ",27,100.9,0.4,9.6,7.1,182.8,304.7,316,249.3,1.8,7.3,0,1206.9,"2010"
"18","NAY","NAYARIT ",19.6,124.2,0.3,0.1,0.2,54,471.2,507.4,462.5,10.3,0,0,1649.8,"2010"
"19","NL","NUEVO LEÓN ",29.1,36.5,14.3,162.4,49.9,209.6,352.7,45.5,322.2,8.4,0,0.6,1231.2,"2010"
"20","OAX","OAXACA ",19.4,28.4,17.7,45.7,25,241.1,371.3,679.3,460.5,18.3,26.9,6.5,1940.1,"2010"
"21","PUE","PUEBLA ",59.8,61.1,15.4,55.1,37.2,117.1,354.4,279.2,273.6,62.5,43,6.7,1365.1,"2010"
"22","QRO","QUERÉTARO ",39.5,139.9,0.9,22.1,11,86.2,204.4,79.4,130.7,2.9,0,0.1,717.1,"2010"
"23","QROO","QUINTANA ROO ",76.8,35.5,10.9,221.9,187.9,120.9,292.1,130.2,217.9,63.8,130.7,15.2,1503.8,"2010"
"24","SLP","SAN LUIS POTOSÍ ",52.5,90.7,4.4,94.6,49.3,85.4,563.6,107.1,284.9,22.6,2.4,2.5,1360,"2010"
"25","SIN","SINALOA ",15.9,47,1.9,1.1,0.6,3.1,154,191.7,175.5,5.5,0,0.1,596.4,"2010"
"26","SON","SONORA ",59.8,31.3,6.4,6.2,0,5.1,130.7,117.9,80,10.7,0,4.9,453,"2010"
"27","TAB","TABASCO ",163.6,52.6,35.2,37.2,73,319.8,310.1,664.8,551.7,91.6,207.6,54.7,2561.9,"2010"
"28","TAMPS","TAMAULIPAS ",23.9,71.9,6,111.9,76.3,131.6,327.7,44.5,207.3,9.9,0.1,0.1,1011.2,"2010"
"29","TLAX","TLAXCALA ",43.8,67.7,3.2,58.5,35.6,80.3,237.3,164.6,125.3,7.8,5,0,829.1,"2010"
"30","VER","VERACRUZ ",80.4,59.5,19.7,89,23.7,131.9,432.2,395.6,397.2,87,47.5,27.4,1791.1,"2010"
"31","YUC","YUCATÁN ",26.4,14.3,11.4,53.8,96.6,180,228.7,219,182.5,39.8,16.8,2.3,1071.6,"2010"
"32","ZAC","ZACATECAS ",24.1,87.4,0.4,1.6,2.7,36.6,160,79.6,115.5,1.1,0,0,509,"2010"
"33","AGS","AGUASCALIENTES ",0.5,0,0,0.4,0.5,48.1,32.4,58.6,90.6,25.6,1.1,0,257.8,"2011"
"34","BC","BAJA CALIFORNIA ",5,75.2,29.9,10.5,7.1,0,9.7,2.7,3.5,4.2,39.2,19.8,206.8,"2011"
"35","BCS","BAJA CALIFORNIA SUR ",0.1,0.4,0.6,0.4,0.5,0,6.8,16.5,21.2,1.6,18.8,2.5,69.4,"2011"
"36","CAMP","CAMPECHE ",65.8,10,16.4,17.1,35.1,201.9,187.9,194.8,191.2,177.2,56.2,27.3,1180.9,"2011"
"37","COAH","COAHUILA ",7.6,0.5,2.5,4.7,9.3,19,32.7,25.2,19.5,25.6,12.7,16.7,176,"2011"
"38","COL","COLIMA ",0,0,0,0.1,3.7,174.8,392.8,215,197.7,382,0,0,1366.1,"2011"
"39","CHIS","CHIAPAS ",46,37.1,84.3,74.2,149.5,300.6,458.5,433.7,422.3,273.7,58.8,42.9,2381.6,"2011"
"40","CHIH","CHIHUAHUA ",2.9,0.3,0,0,1.1,11.6,101,76.4,23.9,9.2,22,12.1,260.5,"2011"
"41","CDMX","DISTRITO FEDERAL ",0.1,0.7,8.1,39.8,28,129.8,230.5,158.9,101.9,62,21.9,0.9,782.6,"2011"
"42","DGO","DURANGO ",0.9,0,0,0.2,0.7,3.1,106.8,66.5,57.5,4.9,4.6,0.4,245.6,"2011"
"43","GTO","GUANAJUATO ",1.9,0,0.1,7.4,4.6,72,89.3,78.9,87.3,36.7,0.3,0.2,378.7,"2011"
"44","GRO","GUERRERO ",0,0,0.7,9.6,33.9,278.7,312.2,298.5,158,100,2.5,0.3,1194.4,"2011"
"45","HGO","HIDALGO ",13.5,4.5,6.4,36.6,11.1,245.7,199.8,58.7,72.9,19.6,32.2,4.1,705.1,"2011"
"46","JAL","JALISCO ",0.6,0,0.2,2.7,5,97.8,203.8,137.4,76.4,78.2,0.2,0,602.3,"2011"
"47","MEX","ESTADO DE MÉXICO ",0.7,0.3,2.2,20.8,24.7,131.9,221,116.9,63.5,59.1,16.2,0.3,657.6,"2011"
"48","MICH","MICHOACÁN ",0.6,0,1.1,5.9,13.6,125.4,270.6,145.1,76.9,43.9,6.2,0.5,689.8,"2011"
"49","MOR","MORELOS ",0,0,1.8,8.1,50,190.2,222.5,265.2,136.1,80.1,13.1,0.5,967.6,"2011"
"50","NAY","NAYARIT ",0.7,0,0,0,0,91.2,390.7,436.4,181.3,28.4,0.5,0,1129.2,"2011"
"51","NL","NUEVO LEÓN ",23.8,0,12.1,4.3,13.2,85.1,79.1,29.9,36.8,55.9,6.5,24.1,370.8,"2011"
"52","OAX","OAXACA ",35.6,6.3,3.8,16.6,30.9,248.3,453.1,292.5,186.5,64.6,29.8,20.6,1388.6,"2011"
"53","PUE","PUEBLA ",15.8,7.4,26.6,39.1,71.3,225.8,290.5,261.1,167.9,85.9,59.8,28.8,1280,"2011"
"54","QRO","QUERÉTARO ",0.1,0.1,8.4,3.7,7.5,131.8,62.3,74.5,56.7,24.4,2.8,0,372.3,"2011"
"55","QROO","QUINTANA ROO ",40.1,91.2,100.9,3.2,14.9,277.4,180.1,112.9,125.5,382.5,93.8,53.8,1476.3,"2011"
"56","SLP","SAN LUIS POTOSÍ ",16,2.8,14.3,5,34.6,276.7,372,64.7,61.7,39.8,24.4,10.3,922.3,"2011"
"57","SIN","SINALOA ",0.1,0,0,0.1,0,3.8,250.9,222.6,64.5,6.8,40.8,5.7,595.3,"2011"
"58","SON","SONORA ",0.7,1.7,0.1,1.6,0.1,7,117,103.6,38.5,3.5,61.7,24.6,360.1,"2011"
"59","TAB","TABASCO ",159.1,120.9,106.9,25.9,93.9,155,478.5,242.5,445.5,401.5,162.4,104.4,2496.5,"2011"
"60","TAMPS","TAMAULIPAS ",33.7,0.3,7.7,0.3,20.1,234.6,119.2,49.4,65.9,33.1,17.8,21.2,603.3,"2011"
"61","TLAX","TLAXCALA ",0,0,7,32,61.2,134.1,172.6,152,86.2,60.9,15,2.3,723.3,"2011"
"62","VER","VERACRUZ ",76.4,18.5,21.8,14.6,35,206.7,374.2,247,264.4,149,102.4,43.5,1553.5,"2011"
"63","YUC","YUCATÁN ",48,34.4,24.6,4.8,10.1,223.7,163.8,119.7,189.8,100.7,36.4,16.8,972.8,"2011"
"64","ZAC","ZACATECAS ",0.1,0.4,0.1,0.1,10.8,28.6,73.4,79.4,95.4,25,1,0.2,314.5,"2011"
"65","AGS","AGUASCALIENTES ",11.1,51.9,1.1,0,5.4,60,144.5,89.4,64.6,6.4,4.2,9.1,447.7,"2012"
"66","BC","BAJA CALIFORNIA ",4,27.5,37.6,17.6,0,0.1,4.3,7.8,11.1,1.9,5.6,32.8,150.3,"2012"
"67","BCS","BAJA CALIFORNIA SUR ",0,9.4,1.4,0.2,0,0,2.3,104.5,107.5,65.8,1.7,13.1,305.9,"2012"
"68","CAMP","CAMPECHE ",24,22.7,29.8,28.2,106.4,268.8,176.2,199.7,174.6,81,4.4,25.4,1141.2,"2012"
"69","COAH","COAHUILA ",7.2,19.3,24.3,19.2,23.8,13.5,47.7,39.1,82.8,20.3,22.9,3.5,323.6,"2012"
"70","COL","COLIMA ",0,76.1,0,0.1,39.3,255.2,118.7,204.9,169.3,66.7,36.1,24.2,990.6,"2012"
"71","CHIS","CHIAPAS ",53.3,38.6,58.2,57.8,181.1,264,211.8,418.1,321.3,194.4,29,57.7,1885.3,"2012"
"72","CHIH","CHIHUAHUA ",2.5,7.4,3.6,6.5,5.4,12.2,133.7,120.7,104.1,33.4,20.6,21.4,471.5,"2012"
"73","CDMX","DISTRITO FEDERAL ",6.9,28.2,26.5,15.1,16.3,96,160.5,108.4,83.4,14.9,12.7,0,568.9,"2012"
"74","DGO","DURANGO ",2.4,9.6,0.4,4.3,7.8,17.1,134.5,97,87,26,9.4,10.7,406.3,"2012"
"75","GTO","GUANAJUATO ",6.4,59.5,7.1,1.7,12.4,85.8,190.5,99.7,86.2,5.7,14.9,3.4,573.3,"2012"
"76","GRO","GUERRERO ",2.3,6.1,2.5,4.9,38.4,217.1,150.9,243.9,185.4,98.8,10.7,0.5,961.5,"2012"
"77","HGO","HIDALGO ",12.1,49.6,22.9,23.2,28.6,87.7,116.3,195.4,74,12.8,26.1,3.7,652.4,"2012"
"78","JAL","JALISCO ",0.6,63.7,1.4,0.1,9.2,123.8,202.2,158.7,69.1,22,6.1,12.2,669.1,"2012"
"79","MEX","ESTADO DE MÉXICO ",3.6,33.6,14.4,9,20.1,130.1,180.7,130.9,78.2,14.8,12.5,0.6,628.5,"2012"
"80","MICH","MICHOACÁN ",1.9,59.5,10.6,0.9,20.3,142.6,186,192.4,81,25.4,28.4,5.8,754.8,"2012"
"81","MOR","MORELOS ",3.1,20.1,3.4,6.4,50.6,159.3,225.4,207.5,128.9,31.1,4.4,0.2,840.4,"2012"
"82","NAY","NAYARIT ",0.5,30.3,0,0.2,3,208.1,253.8,325.5,194,37.7,2.3,4.7,1060.1,"2012"
"83","NL","NUEVO LEÓN ",4.9,71,24,23.4,48.5,59.4,25.2,83.3,105.4,41.6,73.6,2.1,562.4,"2012"
"84","OAX","OAXACA ",52.4,21.8,22.8,44,56.7,349.2,140,315.4,219.5,93.8,30.3,14.1,1360,"2012"
"85","PUE","PUEBLA ",44.7,57.5,29.3,42.1,60.5,231.1,273.7,333.3,201.7,63.2,42.2,11.2,1390.5,"2012"
"86","QRO","QUERÉTARO ",6.7,53.8,10,4.9,20.4,110.5,138,113.8,94.4,7,27.9,2.5,589.9,"2012"
"87","QROO","QUINTANA ROO ",54.8,58.1,25,97.1,202.6,215.8,108.1,202.8,105.2,179.1,43.9,45.6,1338.1,"2012"
"88","SLP","SAN LUIS POTOSÍ ",20.1,48.3,17.3,63.2,59.7,143.1,157.2,195,176.5,37.2,53.9,2.9,974.5,"2012"
"89","SIN","SINALOA ",0.6,5.7,0.1,0.2,0.3,57.5,181.4,239.1,122.7,44.4,5.2,40,697.2,"2012"
"90","SON","SONORA ",2.9,8.5,2.7,0.5,1.2,20.2,122.7,117.9,72.2,4.2,1.7,27.4,382.1,"2012"
"91","TAB","TABASCO ",215.9,149,35.2,52.2,152.9,270,171.8,385.1,293.2,203.1,18.6,122.8,2069.7,"2012"
"92","TAMPS","TAMAULIPAS ",22.9,79.9,18.9,51.4,46.4,123.6,73.1,86,142.8,34,45.2,3.1,727.3,"2012"
"93","TLAX","TLAXCALA ",4.2,30.5,27.7,22.4,32.5,202.3,197.1,174.6,111.7,36.2,6.6,3.3,849.1,"2012"
"94","VER","VERACRUZ ",87.4,47.3,25.9,59.8,91.8,228,205.6,406.8,258.1,164.7,89.2,31.3,1695.9,"2012"
"95","YUC","YUCATÁN ",65.8,15.6,6.7,112.4,71,168.8,110.7,122.3,141.4,100.6,17.5,15.4,948.2,"2012"
"96","ZAC","ZACATECAS ",6.2,36.2,1.1,1.8,9.1,38.1,126.7,111.2,79.5,9.9,5.4,5.6,430.8,"2012"
"97","AGS","AGUASCALIENTES ",14.7666666666667,53.6333333333333,0.366666666666667,0.333333333333333,3.73333333333333,54.8333333333333,105.2,72.8666666666667,77.6,11.4,1.76666666666667,3.03333333333333,399.533333333333,"2013"
"98","BC","BAJA CALIFORNIA ",29.5333333333333,53.2333333333333,30.1666666666667,19.4666666666667,2.36666666666667,0.0333333333333333,4.8,4.46666666666667,6.16666666666667,11.9333333333333,17.9,38.1,218.166666666667,"2013"
"99","BCS","BAJA CALIFORNIA SUR ",2.16666666666667,9,1.3,0.2,0.166666666666667,0,3.3,42.5666666666667,67.4666666666667,23.1666666666667,6.83333333333333,5.36666666666667,161.533333333333,"2013"
"100","CAMP","CAMPECHE ",47.0333333333333,14.3333333333333,16.6,24.8,82.9666666666667,266.133333333333,210.033333333333,224.566666666667,201.1,104.733333333333,36.2,20.6,1249.1,"2013"
"101","COAH","COAHUILA ",17.4666666666667,17.0666666666667,11.2,34.7,38.7,35.5333333333333,86.0666666666667,26.8666666666667,61.4,15.9666666666667,12.1666666666667,6.73333333333333,363.866666666667,"2013"
"102","COL","COLIMA ",8.9,89.2666666666667,0,0.0666666666666667,14.3666666666667,171.066666666667,250.066666666667,258.7,222.7,150.6,12.0333333333333,8.06666666666667,1185.83333333333,"2013"
"103","CHIS","CHIAPAS ",48.1333333333333,31.1666666666667,52.4333333333333,67.4666666666667,172.333333333333,357.366666666667,355.133333333333,536.166666666667,434.366666666667,175.5,59.2333333333333,43.1,2332.4,"2013"
"104","CHIH","CHIHUAHUA ",12.7333333333333,9.6,1.66666666666667,6.5,3.53333333333333,20.2333333333333,138.266666666667,91.1333333333333,76.0666666666667,15.4333333333333,14.2666666666667,11.2333333333333,400.666666666667,"2013"
"105","CDMX","DISTRITO FEDERAL ",10.9333333333333,28.7333333333333,12.0666666666667,23.2666666666667,23.8666666666667,106.7,198.1,147.266666666667,93,26.8666666666667,12,0.333333333333333,683.133333333333,"2013"
"106","DGO","DURANGO ",4.6,16.1,2.6,2.76666666666667,5.43333333333333,26.5333333333333,146.766666666667,79.7,99.5,11.2666666666667,4.66666666666667,3.76666666666667,403.733333333333,"2013"
"107","GTO","GUANAJUATO ",20.4666666666667,70.3666666666667,2.6,4.86666666666667,7.83333333333333,79.1,174.266666666667,101.466666666667,101.6,14.3666666666667,5.06666666666667,1.23333333333333,583.233333333333,"2013"
"108","GRO","GUERRERO ",12.9,40,1.06666666666667,4.83333333333333,26.5666666666667,232.5,260.5,353.533333333333,217.8,69.2666666666667,6.4,0.266666666666667,1225.63333333333,"2013"
"109","HGO","HIDALGO ",29.1,46.4,11.5333333333333,39.6,24.1333333333333,127.4,218,118.333333333333,107.033333333333,17.6,22.5,3.76666666666667,765.4,"2013"
"110","JAL","JALISCO ",10.0666666666667,62,0.533333333333333,1.2,6.4,115.666666666667,229.6,171,100.8,33.8,2.1,4.06666666666667,737.233333333333,"2013"
"111","MEX","ESTADO DE MÉXICO ",13.1333333333333,52.7333333333333,5.66666666666667,14.0333333333333,22.5333333333333,117.233333333333,215.133333333333,136.433333333333,85.3333333333333,25.9,10.1666666666667,0.3,698.6,"2013"
"112","MICH","MICHOACÁN ",15.2,79.5333333333333,3.96666666666667,2.83333333333333,14.7333333333333,133.133333333333,262.233333333333,190.066666666667,103.533333333333,24.0666666666667,12.2333333333333,2.1,843.633333333333,"2013"
"113","MOR","MORELOS ",10.0333333333333,40.3333333333333,1.86666666666667,8.03333333333333,35.9,177.433333333333,250.866666666667,262.9,171.433333333333,37.6666666666667,8.26666666666667,0.233333333333333,1004.96666666667,"2013"
"114","NAY","NAYARIT ",6.93333333333333,51.5,0.1,0.1,1.06666666666667,117.766666666667,371.9,423.1,279.266666666667,25.4666666666667,0.933333333333333,1.56666666666667,1279.7,"2013"
"115","NL","NUEVO LEÓN ",19.2666666666667,35.8333333333333,16.8,63.3666666666667,37.2,118.033333333333,152.333333333333,52.9,154.8,35.3,26.7,8.93333333333334,721.466666666667,"2013"
"116","OAX","OAXACA ",35.8,18.8333333333333,14.7666666666667,35.4333333333333,37.5333333333333,279.533333333333,321.466666666667,429.066666666667,288.833333333333,58.9,29,13.7333333333333,1562.9,"2013"
"117","PUE","PUEBLA ",40.1,42,23.7666666666667,45.4333333333333,56.3333333333333,191.333333333333,306.2,291.2,214.4,70.5333333333333,48.3333333333333,15.5666666666667,1345.2,"2013"
"118","QRO","QUERÉTARO ",15.4333333333333,64.6,6.43333333333333,10.2333333333333,12.9666666666667,109.5,134.9,89.2333333333333,93.9333333333333,11.4333333333333,10.2333333333333,0.866666666666667,559.766666666667,"2013"
"119","QROO","QUINTANA ROO ",57.2333333333333,61.6,45.6,107.4,135.133333333333,204.7,193.433333333333,148.633333333333,149.533333333333,208.466666666667,89.4666666666667,38.2,1439.4,"2013"
"120","SLP","SAN LUIS POTOSÍ ",29.5333333333333,47.2666666666667,12,54.2666666666667,47.8666666666667,168.4,364.266666666667,122.266666666667,174.366666666667,33.2,26.9,5.23333333333333,1085.6,"2013"
"121","SIN","SINALOA ",5.53333333333333,17.5666666666667,0.666666666666667,0.466666666666667,0.3,21.4666666666667,195.433333333333,217.8,120.9,18.9,15.3333333333333,15.2666666666667,629.633333333333,"2013"
"122","SON","SONORA ",21.1333333333333,13.8333333333333,3.06666666666667,2.76666666666667,0.433333333333333,10.7666666666667,123.466666666667,113.133333333333,63.5666666666667,6.13333333333333,21.1333333333333,18.9666666666667,398.4,"2013"
"123","TAB","TABASCO ",179.533333333333,107.5,59.1,38.4333333333333,106.6,248.266666666667,320.133333333333,430.8,430.133333333333,232.066666666667,129.533333333333,93.9666666666667,2376.03333333333,"2013"
"124","TAMPS","TAMAULIPAS ",26.8333333333333,50.7,10.8666666666667,54.5333333333333,47.6,163.266666666667,173.333333333333,59.9666666666667,138.666666666667,25.6666666666667,21.0333333333333,8.13333333333333,780.6,"2013"
"125","TLAX","TLAXCALA ",16,32.7333333333333,12.6333333333333,37.6333333333333,43.1,138.9,202.333333333333,163.733333333333,107.733333333333,34.9666666666667,8.86666666666667,1.86666666666667,800.5,"2013"
"126","VER","VERACRUZ ",81.4,41.7666666666667,22.4666666666667,54.4666666666667,50.1666666666667,188.866666666667,337.333333333333,349.8,306.566666666667,133.566666666667,79.7,34.0666666666667,1680.16666666667,"2013"
"127","YUC","YUCATÁN ",46.7333333333333,21.4333333333333,14.2333333333333,57,59.2333333333333,190.833333333333,167.733333333333,153.666666666667,171.233333333333,80.3666666666667,23.5666666666667,11.5,997.533333333333,"2013"
"128","ZAC","ZACATECAS ",10.1333333333333,41.3333333333333,0.533333333333333,1.16666666666667,7.53333333333333,34.4333333333333,120.033333333333,90.0666666666667,96.8,12,2.13333333333333,1.93333333333333,418.1,"2013"
"129","AGS","AGUASCALIENTES ",14.7666666666667,53.6333333333333,0.366666666666667,0.333333333333333,3.73333333333333,54.8333333333333,105.2,72.8666666666667,77.6,11.4,1.76666666666667,3.03333333333333,NA,"2014"
"130","BC","BAJA CALIFORNIA ",29.5333333333333,53.2333333333333,30.1666666666667,19.4666666666667,2.36666666666667,0.0333333333333333,4.8,4.46666666666667,6.16666666666667,11.9333333333333,17.9,38.1,NA,"2014"
"131","BCS","BAJA CALIFORNIA SUR ",2.16666666666667,9,1.3,0.2,0.166666666666667,0,3.3,42.5666666666667,67.4666666666667,23.1666666666667,6.83333333333333,5.36666666666667,NA,"2014"
"132","CAMP","CAMPECHE ",47.0333333333333,14.3333333333333,16.6,24.8,82.9666666666667,266.133333333333,210.033333333333,224.566666666667,201.1,104.733333333333,36.2,20.6,NA,"2014"
"133","COAH","COAHUILA ",17.4666666666667,17.0666666666667,11.2,34.7,38.7,35.5333333333333,86.0666666666667,26.8666666666667,61.4,15.9666666666667,12.1666666666667,6.73333333333333,NA,"2014"
"134","COL","COLIMA ",8.9,89.2666666666667,0,0.0666666666666667,14.3666666666667,171.066666666667,250.066666666667,258.7,222.7,150.6,12.0333333333333,8.06666666666667,NA,"2014"
"135","CHIS","CHIAPAS ",48.1333333333333,31.1666666666667,52.4333333333333,67.4666666666667,172.333333333333,357.366666666667,355.133333333333,536.166666666667,434.366666666667,175.5,59.2333333333333,43.1,NA,"2014"
"136","CHIH","CHIHUAHUA ",12.7333333333333,9.6,1.66666666666667,6.5,3.53333333333333,20.2333333333333,138.266666666667,91.1333333333333,76.0666666666667,15.4333333333333,14.2666666666667,11.2333333333333,NA,"2014"
"137","CDMX","DISTRITO FEDERAL ",10.9333333333333,28.7333333333333,12.0666666666667,23.2666666666667,23.8666666666667,106.7,198.1,147.266666666667,93,26.8666666666667,12,0.333333333333333,NA,"2014"
"138","DGO","DURANGO ",4.6,16.1,2.6,2.76666666666667,5.43333333333333,26.5333333333333,146.766666666667,79.7,99.5,11.2666666666667,4.66666666666667,3.76666666666667,NA,"2014"
"139","GTO","GUANAJUATO ",20.4666666666667,70.3666666666667,2.6,4.86666666666667,7.83333333333333,79.1,174.266666666667,101.466666666667,101.6,14.3666666666667,5.06666666666667,1.23333333333333,NA,"2014"
"140","GRO","GUERRERO ",12.9,40,1.06666666666667,4.83333333333333,26.5666666666667,232.5,260.5,353.533333333333,217.8,69.2666666666667,6.4,0.266666666666667,NA,"2014"
"141","HGO","HIDALGO ",29.1,46.4,11.5333333333333,39.6,24.1333333333333,127.4,218,118.333333333333,107.033333333333,17.6,22.5,3.76666666666667,NA,"2014"
"142","JAL","JALISCO ",10.0666666666667,62,0.533333333333333,1.2,6.4,115.666666666667,229.6,171,100.8,33.8,2.1,4.06666666666667,NA,"2014"
"143","MEX","ESTADO DE MÉXICO ",13.1333333333333,52.7333333333333,5.66666666666667,14.0333333333333,22.5333333333333,117.233333333333,215.133333333333,136.433333333333,85.3333333333333,25.9,10.1666666666667,0.3,NA,"2014"
"144","MICH","MICHOACÁN ",15.2,79.5333333333333,3.96666666666667,2.83333333333333,14.7333333333333,133.133333333333,262.233333333333,190.066666666667,103.533333333333,24.0666666666667,12.2333333333333,2.1,NA,"2014"
"145","MOR","MORELOS ",10.0333333333333,40.3333333333333,1.86666666666667,8.03333333333333,35.9,177.433333333333,250.866666666667,262.9,171.433333333333,37.6666666666667,8.26666666666667,0.233333333333333,NA,"2014"
"146","NAY","NAYARIT ",6.93333333333333,51.5,0.1,0.1,1.06666666666667,117.766666666667,371.9,423.1,279.266666666667,25.4666666666667,0.933333333333333,1.56666666666667,NA,"2014"
"147","NL","NUEVO LEÓN ",19.2666666666667,35.8333333333333,16.8,63.3666666666667,37.2,118.033333333333,152.333333333333,52.9,154.8,35.3,26.7,8.93333333333334,NA,"2014"
"148","OAX","OAXACA ",35.8,18.8333333333333,14.7666666666667,35.4333333333333,37.5333333333333,279.533333333333,321.466666666667,429.066666666667,288.833333333333,58.9,29,13.7333333333333,NA,"2014"
"149","PUE","PUEBLA ",40.1,42,23.7666666666667,45.4333333333333,56.3333333333333,191.333333333333,306.2,291.2,214.4,70.5333333333333,48.3333333333333,15.5666666666667,NA,"2014"
"150","QRO","QUERÉTARO ",15.4333333333333,64.6,6.43333333333333,10.2333333333333,12.9666666666667,109.5,134.9,89.2333333333333,93.9333333333333,11.4333333333333,10.2333333333333,0.866666666666667,NA,"2014"
"151","QROO","QUINTANA ROO ",57.2333333333333,61.6,45.6,107.4,135.133333333333,204.7,193.433333333333,148.633333333333,149.533333333333,208.466666666667,89.4666666666667,38.2,NA,"2014"
"152","SLP","SAN LUIS POTOSÍ ",29.5333333333333,47.2666666666667,12,54.2666666666667,47.8666666666667,168.4,364.266666666667,122.266666666667,174.366666666667,33.2,26.9,5.23333333333333,NA,"2014"
"153","SIN","SINALOA ",5.53333333333333,17.5666666666667,0.666666666666667,0.466666666666667,0.3,21.4666666666667,195.433333333333,217.8,120.9,18.9,15.3333333333333,15.2666666666667,NA,"2014"
"154","SON","SONORA ",21.1333333333333,13.8333333333333,3.06666666666667,2.76666666666667,0.433333333333333,10.7666666666667,123.466666666667,113.133333333333,63.5666666666667,6.13333333333333,21.1333333333333,18.9666666666667,NA,"2014"
"155","TAB","TABASCO ",179.533333333333,107.5,59.1,38.4333333333333,106.6,248.266666666667,320.133333333333,430.8,430.133333333333,232.066666666667,129.533333333333,93.9666666666667,NA,"2014"
"156","TAMPS","TAMAULIPAS ",26.8333333333333,50.7,10.8666666666667,54.5333333333333,47.6,163.266666666667,173.333333333333,59.9666666666667,138.666666666667,25.6666666666667,21.0333333333333,8.13333333333333,NA,"2014"
"157","TLAX","TLAXCALA ",16,32.7333333333333,12.6333333333333,37.6333333333333,43.1,138.9,202.333333333333,163.733333333333,107.733333333333,34.9666666666667,8.86666666666667,1.86666666666667,NA,"2014"
"158","VER","VERACRUZ ",81.4,41.7666666666667,22.4666666666667,54.4666666666667,50.1666666666667,188.866666666667,337.333333333333,349.8,306.566666666667,133.566666666667,79.7,34.0666666666667,NA,"2014"
"159","YUC","YUCATÁN ",46.7333333333333,21.4333333333333,14.2333333333333,57,59.2333333333333,190.833333333333,167.733333333333,153.666666666667,171.233333333333,80.3666666666667,23.5666666666667,11.5,NA,"2014"
"160","ZAC","ZACATECAS ",10.1333333333333,41.3333333333333,0.533333333333333,1.16666666666667,7.53333333333333,34.4333333333333,120.033333333333,90.0666666666667,96.8,12,2.13333333333333,1.93333333333333,NA,"2014"
"161","AGS","AGUASCALIENTES ",14.7666666666667,53.6333333333333,0.366666666666667,0.333333333333333,3.73333333333333,54.8333333333333,105.2,72.8666666666667,77.6,11.4,1.76666666666667,3.03333333333333,399.533333333333,"2015"
"162","BC","BAJA CALIFORNIA ",29.5333333333333,53.2333333333333,30.1666666666667,19.4666666666667,2.36666666666667,0.0333333333333333,4.8,4.46666666666667,6.16666666666667,11.9333333333333,17.9,38.1,218.166666666667,"2015"
"163","BCS","BAJA CALIFORNIA SUR ",2.16666666666667,9,1.3,0.2,0.166666666666667,0,3.3,42.5666666666667,67.4666666666667,23.1666666666667,6.83333333333333,5.36666666666667,161.533333333333,"2015"
"164","CAMP","CAMPECHE ",47.0333333333333,14.3333333333333,16.6,24.8,82.9666666666667,266.133333333333,210.033333333333,224.566666666667,201.1,104.733333333333,36.2,20.6,1249.1,"2015"
"165","COAH","COAHUILA ",17.4666666666667,17.0666666666667,11.2,34.7,38.7,35.5333333333333,86.0666666666667,26.8666666666667,61.4,15.9666666666667,12.1666666666667,6.73333333333333,363.866666666667,"2015"
"166","COL","COLIMA ",8.9,89.2666666666667,0,0.0666666666666667,14.3666666666667,171.066666666667,250.066666666667,258.7,222.7,150.6,12.0333333333333,8.06666666666667,1185.83333333333,"2015"
"167","CHIS","CHIAPAS ",48.1333333333333,31.1666666666667,52.4333333333333,67.4666666666667,172.333333333333,357.366666666667,355.133333333333,536.166666666667,434.366666666667,175.5,59.2333333333333,43.1,2332.4,"2015"
"168","CHIH","CHIHUAHUA ",12.7333333333333,9.6,1.66666666666667,6.5,3.53333333333333,20.2333333333333,138.266666666667,91.1333333333333,76.0666666666667,15.4333333333333,14.2666666666667,11.2333333333333,400.666666666667,"2015"
"169","CDMX","DISTRITO FEDERAL ",10.9333333333333,28.7333333333333,12.0666666666667,23.2666666666667,23.8666666666667,106.7,198.1,147.266666666667,93,26.8666666666667,12,0.333333333333333,683.133333333333,"2015"
"170","DGO","DURANGO ",4.6,16.1,2.6,2.76666666666667,5.43333333333333,26.5333333333333,146.766666666667,79.7,99.5,11.2666666666667,4.66666666666667,3.76666666666667,403.733333333333,"2015"
"171","GTO","GUANAJUATO ",20.4666666666667,70.3666666666667,2.6,4.86666666666667,7.83333333333333,79.1,174.266666666667,101.466666666667,101.6,14.3666666666667,5.06666666666667,1.23333333333333,583.233333333333,"2015"
"172","GRO","GUERRERO ",12.9,40,1.06666666666667,4.83333333333333,26.5666666666667,232.5,260.5,353.533333333333,217.8,69.2666666666667,6.4,0.266666666666667,1225.63333333333,"2015"
"173","HGO","HIDALGO ",29.1,46.4,11.5333333333333,39.6,24.1333333333333,127.4,218,118.333333333333,107.033333333333,17.6,22.5,3.76666666666667,765.4,"2015"
"174","JAL","JALISCO ",10.0666666666667,62,0.533333333333333,1.2,6.4,115.666666666667,229.6,171,100.8,33.8,2.1,4.06666666666667,737.233333333333,"2015"
"175","MEX","ESTADO DE MÉXICO ",13.1333333333333,52.7333333333333,5.66666666666667,14.0333333333333,22.5333333333333,117.233333333333,215.133333333333,136.433333333333,85.3333333333333,25.9,10.1666666666667,0.3,698.6,"2015"
"176","MICH","MICHOACÁN ",15.2,79.5333333333333,3.96666666666667,2.83333333333333,14.7333333333333,133.133333333333,262.233333333333,190.066666666667,103.533333333333,24.0666666666667,12.2333333333333,2.1,843.633333333333,"2015"
"177","MOR","MORELOS ",10.0333333333333,40.3333333333333,1.86666666666667,8.03333333333333,35.9,177.433333333333,250.866666666667,262.9,171.433333333333,37.6666666666667,8.26666666666667,0.233333333333333,1004.96666666667,"2015"
"178","NAY","NAYARIT ",6.93333333333333,51.5,0.1,0.1,1.06666666666667,117.766666666667,371.9,423.1,279.266666666667,25.4666666666667,0.933333333333333,1.56666666666667,1279.7,"2015"
"179","NL","NUEVO LEÓN ",19.2666666666667,35.8333333333333,16.8,63.3666666666667,37.2,118.033333333333,152.333333333333,52.9,154.8,35.3,26.7,8.93333333333334,721.466666666667,"2015"
"180","OAX","OAXACA ",35.8,18.8333333333333,14.7666666666667,35.4333333333333,37.5333333333333,279.533333333333,321.466666666667,429.066666666667,288.833333333333,58.9,29,13.7333333333333,1562.9,"2015"
"181","PUE","PUEBLA ",40.1,42,23.7666666666667,45.4333333333333,56.3333333333333,191.333333333333,306.2,291.2,214.4,70.5333333333333,48.3333333333333,15.5666666666667,1345.2,"2015"
"182","QRO","QUERÉTARO ",15.4333333333333,64.6,6.43333333333333,10.2333333333333,12.9666666666667,109.5,134.9,89.2333333333333,93.9333333333333,11.4333333333333,10.2333333333333,0.866666666666667,559.766666666667,"2015"
"183","QROO","QUINTANA ROO ",57.2333333333333,61.6,45.6,107.4,135.133333333333,204.7,193.433333333333,148.633333333333,149.533333333333,208.466666666667,89.4666666666667,38.2,1439.4,"2015"
"184","SLP","SAN LUIS POTOSÍ ",29.5333333333333,47.2666666666667,12,54.2666666666667,47.8666666666667,168.4,364.266666666667,122.266666666667,174.366666666667,33.2,26.9,5.23333333333333,1085.6,"2015"
"185","SIN","SINALOA ",5.53333333333333,17.5666666666667,0.666666666666667,0.466666666666667,0.3,21.4666666666667,195.433333333333,217.8,120.9,18.9,15.3333333333333,15.2666666666667,629.633333333333,"2015"
"186","SON","SONORA ",21.1333333333333,13.8333333333333,3.06666666666667,2.76666666666667,0.433333333333333,10.7666666666667,123.466666666667,113.133333333333,63.5666666666667,6.13333333333333,21.1333333333333,18.9666666666667,398.4,"2015"
"187","TAB","TABASCO ",179.533333333333,107.5,59.1,38.4333333333333,106.6,248.266666666667,320.133333333333,430.8,430.133333333333,232.066666666667,129.533333333333,93.9666666666667,2376.03333333333,"2015"
"188","TAMPS","TAMAULIPAS ",26.8333333333333,50.7,10.8666666666667,54.5333333333333,47.6,163.266666666667,173.333333333333,59.9666666666667,138.666666666667,25.6666666666667,21.0333333333333,8.13333333333333,780.6,"2015"
"189","TLAX","TLAXCALA ",16,32.7333333333333,12.6333333333333,37.6333333333333,43.1,138.9,202.333333333333,163.733333333333,107.733333333333,34.9666666666667,8.86666666666667,1.86666666666667,800.5,"2015"
"190","VER","VERACRUZ ",81.4,41.7666666666667,22.4666666666667,54.4666666666667,50.1666666666667,188.866666666667,337.333333333333,349.8,306.566666666667,133.566666666667,79.7,34.0666666666667,1680.16666666667,"2015"
"191","YUC","YUCATÁN ",46.7333333333333,21.4333333333333,14.2333333333333,57,59.2333333333333,190.833333333333,167.733333333333,153.666666666667,171.233333333333,80.3666666666667,23.5666666666667,11.5,997.533333333333,"2015"
"192","ZAC","ZACATECAS ",10.1333333333333,41.3333333333333,0.533333333333333,1.16666666666667,7.53333333333333,34.4333333333333,120.033333333333,90.0666666666667,96.8,12,2.13333333333333,1.93333333333333,418.1,"2015"
"193","AGS","AGUASCALIENTES ",17.3,43.775,0.5125,0.825,5.275,55.9125,111.9125,79.7375,78.2,14.175,5.5375,5.4125,421.266666666667,"2016"
"194","BC","BAJA CALIFORNIA ",24.9125,47.425,32.1,16.225,2.55,0.025,4.375,3.7875,6.5125,9.25,20.55,34.6375,200.061904761905,"2016"
"195","BCS","BAJA CALIFORNIA SUR ",3.25,8.2375,6.35,0.175,0.2,0.1,4.1625,38.7125,60.325,23.4625,16.6375,6.25,168.752380952381,"2016"
"196","CAMP","CAMPECHE ",42.5,14.2,17.2875,25.925,97.1875,293.35,194.275,207.1125,202.95,144.6,50.85,31.9125,1332.57142857143,"2016"
"197","COAH","COAHUILA ",15.375,13.225,12.5125,28.475,36.6875,35.8625,72.9,23.5875,61.6,14.475,12.2375,7.05,329.719047619048,"2016"
"198","COL","COLIMA ",17.4,80.975,0.0125,0.05,11.475,152.7875,270.725,306.325,315.8,147.8,14.875,6.4,1344.42380952381,"2016"
"199","CHIS","CHIAPAS ",44.625,32.8,46.275,56.4,184.225,353.7875,306.9875,474.925,410.9375,208.0625,77.625,44.575,2228.18571428571,"2016"
"200","CHIH","CHIHUAHUA ",12.2,11.45,6.1,5.4125,3.8625,20.8625,123.5625,84.8125,75.5,16.75,19.5125,11.875,390.633333333333,"2016"
"201","CDMX","DISTRITO FEDERAL ",10.275,22.925,10.9625,20.725,24.7,101,179.7375,134.825,91.3875,33.5125,11.3875,0.325,635.809523809524,"2016"
"202","DGO","DURANGO ",6.3875,14.5,2.325,2.2,5.0125,27.725,137.4125,77.2,102.275,12.6,12.9,4.6125,405.409523809524,"2016"
"203","GTO","GUANAJUATO ",16.4625,55.4375,3.575,4.525,10.425,84.3625,161.6375,106.975,96.3375,19.2625,5.125,1.9625,563.62380952381,"2016"
"204","GRO","GUERRERO ",10.3,30.6625,1.25,4.65,26.9625,210.4375,240.5625,327.625,229.2375,80.9875,9.6625,0.65,1165.46666666667,"2016"
"205","HGO","HIDALGO ",27.675,37.0125,10.925,35.4625,25.625,117.1375,178.2125,104.7625,101.3,27.25,21.6,4.625,681.042857142857,"2016"
"206","JAL","JALISCO ",14.825,53.5875,0.55,1.0875,7.55,109,225.575,181.5125,126.5,44.4875,7.9,5.425,783.823809523809,"2016"
"207","MEX","ESTADO DE MÉXICO ",11.3375,41.275,7.1125,15.1,24.3875,121.375,207.1125,142.7,100.3375,39.75,12.25,0.7625,727.071428571429,"2016"
"208","MICH","MICHOACÁN ",13.2625,63.5,4.1875,2.9375,14.7,125.2125,238.6375,186.9875,122.8625,36.675,13.2,2.15,821.552380952381,"2016"
"209","MOR","MORELOS ",8.2125,31.3625,3.5125,7.175,45.3625,210,265.4,272.575,227.9875,71.45,10.4125,0.175,1174.80476190476,"2016"
"210","NAY","NAYARIT ",12.925,46.4,0.0875,0.175,1.9875,100.1125,349.6625,406.775,278.225,46.6125,6.9,5.675,1252.04285714286,"2016"
"211","NL","NUEVO LEÓN ",18.8875,27.6625,19.275,53.8875,44.7875,107.1,139.5625,45.4,149.725,30.3875,23.8375,8.6375,661.719047619048,"2016"
"212","OAX","OAXACA ",32.4,16.8375,12.625,30.875,48.2,247.7,280.3875,380.0375,274.8125,78.6625,34.175,12.35,1432.78571428571,"2016"
"213","PUE","PUEBLA ",34.1625,34.2375,20.45,40.2375,57.275,192.8875,271.7375,267.1,219.275,82.225,43.5875,13.8375,1267.31428571429,"2016"
"214","QRO","QUERÉTARO ",15.475,50.3,7.8125,10.1625,15.5125,103.425,118.75,81.4,87.4875,20.0125,9.7125,2.0875,516.733333333333,"2016"
"215","QROO","QUINTANA ROO ",58.4,57.35,37.9,89.175,139,215.4875,165.425,142.425,149.7375,224.1125,116.3375,47.5625,1443.4,"2016"
"216","SLP","SAN LUIS POTOSÍ ",27.55,36.625,11.7875,44.4875,45.45,150.0875,289.5375,106.2125,151.7625,35.1375,25.1875,6.2875,907.871428571429,"2016"
"217","SIN","SINALOA ",8.2375,20.1875,1.475,0.5625,0.55,19.4625,193.0875,226.0875,134.4125,19.9,31.675,14.3125,675.680952380952,"2016"
"218","SON","SONORA ",19.975,18.1,16.95,2.4875,1.8,9.6875,116.4375,109.55,66.0875,6.75,32.95,22.0125,426.242857142857,"2016"
"219","TAB","TABASCO ",159.9,108.15,58.1375,35.7625,124.725,269.4625,266.7625,373.6,409.4625,292.1625,190.4875,110.1875,2402.00952380952,"2016"
"220","TAMPS","TAMAULIPAS ",25.7625,39.35,14.2875,46.65,57.0375,153.6125,150.8125,54.1125,135.0125,31.2875,20.3125,8.5,730.457142857143,"2016"
"221","TLAX","TLAXCALA ",13.2625,25.3375,10.475,33.375,41.2625,128.3125,182.8875,148.9875,105.3125,37.7125,9.7375,1.5375,729.3,"2016"
"222","VER","VERACRUZ ",78.025,40.3375,21.65,48.1875,58.525,189.1875,281.65,304.1375,286.2,149.55,98.9875,35.7125,1579.57619047619,"2016"
"223","YUC","YUCATÁN ",44.7875,22.4125,13.5625,48.3625,77.3625,230.725,156.925,146.125,168.425,128.2625,42.525,23.2625,1117.72380952381,"2016"
"224","ZAC","ZACATECAS ",12.1375,33.5,1.475,1.25,8.15,39.075,119.625,84.725,90.0625,13.8125,7.8375,4.625,416.014285714286,"2016"
"225","AGS","AGUASCALIENTES ",17.5333333333333,40.2,0.683333333333333,0.933333333333333,6.06666666666667,57.1333333333333,120.7,84.7833333333333,76.2333333333333,14.2666666666667,7.2,7.21666666666667,439.593333333333,"2017"
"226","BC","BAJA CALIFORNIA ",19.1166666666667,41.2,33.9833333333333,14.8333333333333,2.21666666666667,0.0333333333333333,4.15,4.11666666666667,7.45,6.68333333333333,19.3833333333333,32.6,179.246666666667,"2017"
"227","BCS","BAJA CALIFORNIA SUR ",3.25,8.05,8.05,0.166666666666667,0.183333333333333,0.133333333333333,4.28333333333333,47.75,64.6166666666667,30.6666666666667,19.05,7.83333333333333,200.513333333333,"2017"
"228","CAMP","CAMPECHE ",37.15,15.55,19.7166666666667,26.8666666666667,105.833333333333,302.866666666667,183.383333333333,197.15,199.15,153.933333333333,50.4333333333333,36.4833333333333,1344.38,"2017"
"229","COAH","COAHUILA ",12.9666666666667,12.3166666666667,15.1333333333333,23.8166666666667,33.5333333333333,32.3,62.1166666666667,24.5333333333333,65.2333333333333,14.7,14.05,6.61666666666667,308.006666666667,"2017"
"230","COL","COLIMA ",18.75,76.0166666666667,0.0166666666666667,0.05,14.6666666666667,160.716666666667,255.716666666667,313.233333333333,337.933333333333,132.883333333333,19.8333333333333,8.53333333333333,1368.81333333333,"2017"
"231","CHIS","CHIAPAS ",44.3166666666667,34.5833333333333,45.1833333333333,51.1,189.65,337.033333333333,267.05,434.833333333333,384.283333333333,222.066666666667,78.7166666666667,47.5,2097.08,"2017"
"232","CHIH","CHIHUAHUA ",10.3166666666667,11.7,7.9,5.05,4.28333333333333,19.7333333333333,117.9,87.6333333333333,79.9833333333333,20.1833333333333,22.3166666666667,13.7833333333333,400.786666666667,"2017"
"233","CDMX","DISTRITO FEDERAL ",9.38333333333334,20.9,13,18.5166666666667,23.7166666666667,97.3166666666667,167.35,124.2,89.25,33.7333333333333,11.3,0.266666666666667,594.033333333333,"2017"
"234","DGO","DURANGO ",6.61666666666667,12.8833333333333,1.86666666666667,2.26666666666667,5.26666666666667,26.55,132.25,79.25,101.116666666667,15.5,16.4333333333333,6.05,406.593333333333,"2017"
"235","GTO","GUANAJUATO ",12.7833333333333,48.65,4.65,3.88333333333333,12.05,87.2333333333333,160.133333333333,108.516666666667,92.0166666666667,19.45,6.78333333333333,2.56666666666667,553.793333333333,"2017"
"236","GRO","GUERRERO ",7.66666666666667,21.9,1.55,4.6,29.0666666666667,200.516666666667,215.65,300.716666666667,227.65,89.8166666666667,11.4666666666667,0.816666666666667,1088.57333333333,"2017"
"237","HGO","HIDALGO ",24.3666666666667,34.4166666666667,12.6166666666667,31.35,26.8666666666667,107.1,148,113.083333333333,93.8833333333333,29.6666666666667,21.9,4.9,624.7,"2017"
"238","JAL","JALISCO ",14.8333333333333,51.0666666666667,0.7,0.866666666666666,8.4,108.133333333333,219.666666666667,182.966666666667,129.783333333333,46.0833333333333,10.5,7.23333333333333,788.833333333333,"2017"
"239","MEX","ESTADO DE MÉXICO ",9.15,34.2666666666667,9.05,14.6166666666667,24.6,124.9,198.7,143.866666666667,104.15,42.5166666666667,13.3333333333333,0.966666666666667,724.44,"2017"
"240","MICH","MICHOACÁN ",10.4,54.8166666666667,5.36666666666667,2.65,15.6166666666667,124.15,218.066666666667,186.35,125.55,41.1,16.2166666666667,2.78333333333333,794.953333333333,"2017"
"241","MOR","MORELOS ",6.45,25,4.31666666666667,6.61666666666667,50.9666666666667,217.833333333333,266,266.566666666667,239.75,81.6166666666667,10.4833333333333,0.15,1209.82666666667,"2017"
"242","NAY","NAYARIT ",13.85,41.1666666666667,0.0666666666666667,0.216666666666667,2.61666666666667,109.283333333333,322.566666666667,385.066666666667,263.666666666667,55.7,9.11666666666667,7.56666666666667,1197.06,"2017"
"243","NL","NUEVO LEÓN ",16.3666666666667,30.8,21.3,44.0666666666667,49.2,93.6833333333333,114.116666666667,47.9666666666667,139.8,29.8,30.7,7.4,606.006666666667,"2017"
"244","OAX","OAXACA ",34.0333333333333,16.6666666666667,13.25,30.7833333333333,54.95,248.7,236.45,344.75,258.583333333333,91.0666666666667,36.1166666666667,11.95,1340.16,"2017"
"245","PUE","PUEBLA ",32.95,34.2333333333333,20.2666666666667,37.95,58.2833333333333,200.033333333333,254.833333333333,266.083333333333,218.783333333333,84.9,40.9833333333333,12.5333333333333,1245.22,"2017"
"246","QRO","QUERÉTARO ",14.0333333333333,43.7333333333333,8.86666666666667,9.25,17.6,101.566666666667,113.883333333333,82.8833333333333,85.4166666666667,22.1333333333333,12.4833333333333,2.76666666666667,505.546666666667,"2017"
"247","QROO","QUINTANA ROO ",58.3833333333333,55.35,31.9,81.3833333333333,151.533333333333,220.933333333333,141.866666666667,149.383333333333,142.416666666667,224.433333333333,117.7,51.9166666666667,1424.74,"2017"
"248","SLP","SAN LUIS POTOSÍ ",25.3166666666667,33.25,12.6,42.7166666666667,46.6166666666667,139.766666666667,230.116666666667,112.983333333333,144.583333333333,36.45,29.1166666666667,6.25,814.56,"2017"
"249","SIN","SINALOA ",8.31666666666667,19.0833333333333,1.65,0.55,0.633333333333333,24.8,189.966666666667,232.4,139.216666666667,24.4833333333333,35.4333333333333,18.1166666666667,707.613333333333,"2017"
"250","SON","SONORA ",16.55,18.6333333333333,21.5166666666667,2.01666666666667,2.38333333333333,10.9,113.966666666667,109.15,68.3666666666667,6.63333333333333,33.65,24.4333333333333,434.12,"2017"
"251","TAB","TABASCO ",159.416666666667,115.283333333333,53.8333333333333,37.1666666666667,138.483333333333,280.15,224.25,346.916666666667,379.75,307.366666666667,192.316666666667,120.4,2351.13333333333,"2017"
"252","TAMPS","TAMAULIPAS ",24.75,40.4333333333333,16.7666666666667,43.5,59.9833333333333,143.783333333333,126.6,56.5,134.483333333333,34.55,24.1,7.78333333333333,699.74,"2017"
"253","TLAX","TLAXCALA ",10.3833333333333,22.5,12.2666666666667,29.4166666666667,38.8833333333333,135.35,175.533333333333,145.883333333333,105.166666666667,38.8333333333333,9.65,1.66666666666667,710.54,"2017"
"254","VER","VERACRUZ ",77.9,40.7833333333333,21.95,46.9833333333333,68.25,195.816666666667,241.133333333333,298.416666666667,271.333333333333,160.066666666667,107,35.8,1542.48666666667,"2017"
"255","YUC","YUCATÁN ",47.3166666666667,21.7666666666667,12.0833333333333,54.7166666666667,85.3666666666667,240.35,143.816666666667,138.383333333333,162.516666666667,147.6,47.8333333333333,27.8333333333333,1155.93333333333,"2017"
"256","ZAC","ZACATECAS ",12.15,30.0333333333333,1.88333333333333,1.38333333333333,8.61666666666667,41.2333333333333,120.6,86.4666666666667,84.9333333333333,14.0666666666667,10.2833333333333,6.13333333333333,417.72,"2017"
"257","AGS","AGUASCALIENTES ",17.5333333333333,40.2,0.683333333333333,0.933333333333333,6.06666666666667,57.1333333333333,120.7,84.7833333333333,76.2333333333333,14.2666666666667,7.2,7.21666666666667,439.593333333333,"2018"
"258","BC","BAJA CALIFORNIA ",19.1166666666667,41.2,33.9833333333333,14.8333333333333,2.21666666666667,0.0333333333333333,4.15,4.11666666666667,7.45,6.68333333333333,19.3833333333333,32.6,179.246666666667,"2018"
"259","BCS","BAJA CALIFORNIA SUR ",3.25,8.05,8.05,0.166666666666667,0.183333333333333,0.133333333333333,4.28333333333333,47.75,64.6166666666667,30.6666666666667,19.05,7.83333333333333,200.513333333333,"2018"
"260","CAMP","CAMPECHE ",37.15,15.55,19.7166666666667,26.8666666666667,105.833333333333,302.866666666667,183.383333333333,197.15,199.15,153.933333333333,50.4333333333333,36.4833333333333,1344.38,"2018"
"261","COAH","COAHUILA ",12.9666666666667,12.3166666666667,15.1333333333333,23.8166666666667,33.5333333333333,32.3,62.1166666666667,24.5333333333333,65.2333333333333,14.7,14.05,6.61666666666667,308.006666666667,"2018"
"262","COL","COLIMA ",18.75,76.0166666666667,0.0166666666666667,0.05,14.6666666666667,160.716666666667,255.716666666667,313.233333333333,337.933333333333,132.883333333333,19.8333333333333,8.53333333333333,1368.81333333333,"2018"
"263","CHIS","CHIAPAS ",44.3166666666667,34.5833333333333,45.1833333333333,51.1,189.65,337.033333333333,267.05,434.833333333333,384.283333333333,222.066666666667,78.7166666666667,47.5,2097.08,"2018"
"264","CHIH","CHIHUAHUA ",10.3166666666667,11.7,7.9,5.05,4.28333333333333,19.7333333333333,117.9,87.6333333333333,79.9833333333333,20.1833333333333,22.3166666666667,13.7833333333333,400.786666666667,"2018"
"265","CDMX","DISTRITO FEDERAL ",9.38333333333333,20.9,13,18.5166666666667,23.7166666666667,97.3166666666667,167.35,124.2,89.25,33.7333333333333,11.3,0.266666666666667,594.033333333333,"2018"
"266","DGO","DURANGO ",6.61666666666667,12.8833333333333,1.86666666666667,2.26666666666667,5.26666666666667,26.55,132.25,79.25,101.116666666667,15.5,16.4333333333333,6.05,406.593333333333,"2018"
"267","GTO","GUANAJUATO ",12.7833333333333,48.65,4.65,3.88333333333333,12.05,87.2333333333333,160.133333333333,108.516666666667,92.0166666666667,19.45,6.78333333333333,2.56666666666667,553.793333333333,"2018"
"268","GRO","GUERRERO ",7.66666666666667,21.9,1.55,4.6,29.0666666666667,200.516666666667,215.65,300.716666666667,227.65,89.8166666666667,11.4666666666667,0.816666666666667,1088.57333333333,"2018"
"269","HGO","HIDALGO ",24.3666666666667,34.4166666666667,12.6166666666667,31.35,26.8666666666667,107.1,148,113.083333333333,93.8833333333333,29.6666666666667,21.9,4.9,624.7,"2018"
"270","JAL","JALISCO ",14.8333333333333,51.0666666666667,0.7,0.866666666666667,8.4,108.133333333333,219.666666666667,182.966666666667,129.783333333333,46.0833333333333,10.5,7.23333333333333,788.833333333333,"2018"
"271","MEX","ESTADO DE MÉXICO ",9.15,34.2666666666667,9.05,14.6166666666667,24.6,124.9,198.7,143.866666666667,104.15,42.5166666666667,13.3333333333333,0.966666666666667,724.44,"2018"
"272","MICH","MICHOACÁN ",10.4,54.8166666666667,5.36666666666667,2.65,15.6166666666667,124.15,218.066666666667,186.35,125.55,41.1,16.2166666666667,2.78333333333333,794.953333333333,"2018"
"273","MOR","MORELOS ",6.45,25,4.31666666666667,6.61666666666667,50.9666666666667,217.833333333333,266,266.566666666667,239.75,81.6166666666667,10.4833333333333,0.15,1209.82666666667,"2018"
"274","NAY","NAYARIT ",13.85,41.1666666666667,0.0666666666666667,0.216666666666667,2.61666666666667,109.283333333333,322.566666666667,385.066666666667,263.666666666667,55.7,9.11666666666667,7.56666666666667,1197.06,"2018"
"275","NL","NUEVO LEÓN ",16.3666666666667,30.8,21.3,44.0666666666667,49.2,93.6833333333333,114.116666666667,47.9666666666667,139.8,29.8,30.7,7.4,606.006666666667,"2018"
"276","OAX","OAXACA ",34.0333333333333,16.6666666666667,13.25,30.7833333333333,54.95,248.7,236.45,344.75,258.583333333333,91.0666666666667,36.1166666666667,11.95,1340.16,"2018"
"277","PUE","PUEBLA ",32.95,34.2333333333333,20.2666666666667,37.95,58.2833333333333,200.033333333333,254.833333333333,266.083333333333,218.783333333333,84.9,40.9833333333333,12.5333333333333,1245.22,"2018"
"278","QRO","QUERÉTARO ",14.0333333333333,43.7333333333333,8.86666666666667,9.25,17.6,101.566666666667,113.883333333333,82.8833333333333,85.4166666666667,22.1333333333333,12.4833333333333,2.76666666666667,505.546666666667,"2018"
"279","QROO","QUINTANA ROO ",58.3833333333333,55.35,31.9,81.3833333333333,151.533333333333,220.933333333333,141.866666666667,149.383333333333,142.416666666667,224.433333333333,117.7,51.9166666666667,1424.74,"2018"
"280","SLP","SAN LUIS POTOSÍ ",25.3166666666667,33.25,12.6,42.7166666666667,46.6166666666667,139.766666666667,230.116666666667,112.983333333333,144.583333333333,36.45,29.1166666666667,6.25,814.56,"2018"
"281","SIN","SINALOA ",8.31666666666667,19.0833333333333,1.65,0.55,0.633333333333333,24.8,189.966666666667,232.4,139.216666666667,24.4833333333333,35.4333333333333,18.1166666666667,707.613333333333,"2018"
"282","SON","SONORA ",16.55,18.6333333333333,21.5166666666667,2.01666666666667,2.38333333333333,10.9,113.966666666667,109.15,68.3666666666667,6.63333333333333,33.65,24.4333333333333,434.12,"2018"
"283","TAB","TABASCO ",159.416666666667,115.283333333333,53.8333333333333,37.1666666666667,138.483333333333,280.15,224.25,346.916666666667,379.75,307.366666666667,192.316666666667,120.4,2351.13333333333,"2018"
"284","TAMPS","TAMAULIPAS ",24.75,40.4333333333333,16.7666666666667,43.5,59.9833333333333,143.783333333333,126.6,56.5,134.483333333333,34.55,24.1,7.78333333333333,699.74,"2018"
"285","TLAX","TLAXCALA ",10.3833333333333,22.5,12.2666666666667,29.4166666666667,38.8833333333333,135.35,175.533333333333,145.883333333333,105.166666666667,38.8333333333333,9.65,1.66666666666667,710.54,"2018"
"286","VER","VERACRUZ ",77.9,40.7833333333333,21.95,46.9833333333333,68.25,195.816666666667,241.133333333333,298.416666666667,271.333333333333,160.066666666667,107,35.8,1542.48666666667,"2018"
"287","YUC","YUCATÁN ",47.3166666666667,21.7666666666667,12.0833333333333,54.7166666666667,85.3666666666667,240.35,143.816666666667,138.383333333333,162.516666666667,147.6,47.8333333333333,27.8333333333333,1155.93333333333,"2018"
"288","ZAC","ZACATECAS ",12.15,30.0333333333333,1.88333333333333,1.38333333333333,8.61666666666667,41.2333333333333,120.6,86.4666666666667,84.9333333333333,14.0666666666667,10.2833333333333,6.13333333333333,417.72,"2018"
"289","AGS","Aguascalientes ",11.3,0,0.4,0,2.5,45.7,101.3,123.4,78.1,40.5,33.7,16.2,453.1,"2019"
"290","BC","Baja California ",17.8,49.5,13.4,1.2,5.6,0,5.1,3,14,1.9,53.1,41.6,206.1,"2019"
"291","BCS","Baja California Sur ",11.1,3.1,6.1,0,0.6,0,6.9,31.9,60,45.1,91.1,14.7,270.6,"2019"
"292","CAMP","Campeche ",26.7,14.2,34.6,32.7,72.6,250.9,156.8,124.7,182.8,235.3,90.5,81.4,1303.2,"2019"
"293","COAH","Coahuila ",6.9,0.6,11.3,12.3,30.8,49.9,22.3,21.5,60.6,19.6,22.1,3.6,261.5,"2019"
"294","COL","Colima ",5.7,0.1,0.1,0,3.5,111.2,310.6,234.1,851,251.8,46.8,2.1,1816.7,"2019"
"295","CHIS","Chiapas ",39.8,28.5,34.6,14,200.4,277,142.6,236.5,308.2,359.7,66.5,59.7,1767.4,"2019"
"296","CHIH","Chihuahua ",15.2,13.8,11.5,1,3.5,26,76.1,99.3,98.5,41.3,69,15.2,470.3,"2019"
"297","CDMX","Ciudad de México ",5.3,5.7,7.2,4.3,21.6,108.1,145.5,87.2,76.1,86.8,17.6,0.1,565.3,"2019"
"298","DGO","Durango ",6.6,0.7,0.7,0,1.9,31.5,74.8,89.5,106.1,31.3,74.9,10.7,428.8,"2019"
"299","GTO","Guanajuato ",3.3,0.8,0.9,0.3,8.7,95.8,136.4,137.1,91.2,63.2,9.4,6.6,553.7,"2019"
"300","GRO","Guerrero ",1,0.4,0.7,0.4,44.4,155.4,182.1,192.5,300.7,189.1,34.4,0.9,1102.1,"2019"
"301","HGO","Hidalgo ",12.3,7.9,11.3,6.8,14.2,108.1,56.8,47.3,57.2,91,15.8,10,438.8,"2019"
"302","JAL","Jalisco ",8.4,1.1,0.1,0.1,6,96.3,217.7,171.7,239.8,128.6,50.5,6.1,926.4,"2019"
"303","MEX","Estado de México ",4.1,5.8,6.7,7.3,33.3,152,181.9,138.5,140.1,133.4,33.5,1,837.6,"2019"
"304","MICH","Michoacán ",8.1,1,0.7,1.4,19.4,110.4,179.8,154.5,194.1,128.8,29.3,2.2,829.7,"2019"
"305","MOR","Morelos ",1.5,1.2,2.3,0.5,115.2,366.8,270,265.5,342.6,298.7,27.2,0,1691.3,"2019"
"306","NAY","Nayarit ",1.4,0.5,0,0,0.2,40.8,262.9,366.6,299,189.8,49.6,14.6,1225.3,"2019"
"307","NL","Nuevo León ",22.5,2.8,38.2,13.9,54.6,75.9,31.1,31,166.2,28.6,26.7,7.5,499.2,"2019"
"308","OAX","Oaxaca ",14.9,4.7,9.6,8.5,96.9,155.8,145.2,162.7,227.3,209.9,47.7,6.3,1089.4,"2019"
"309","PUE","Puebla ",6.8,9.1,11.4,8,51.7,223.2,164.5,150.6,182.7,194.1,29.1,9.4,1040.8,"2019"
"310","QRO","Querétaro ",7.5,2.3,4.6,2.7,11.9,104,57.3,57.2,66,78.1,9.7,10.2,411.3,"2019"
"311","QROO","Quintana Roo ",67,62,20,57,52.8,89.7,57.5,94.6,128.4,187.2,139,81,1036.1,"2019"
"312","SLP","San Luis Potosí ",14.2,3.4,13.7,2.2,29.3,124.9,34.5,59.3,86.6,72.3,24.5,16.1,480.8,"2019"
"313","SIN","Sinaloa ",11.3,1.2,4.8,0,0.3,12,150.3,339.6,199.3,39.4,159.5,10.6,928.2,"2019"
"314","SON","Sonora ",23.8,36.2,35.1,0.8,4.5,0.9,97.2,122.8,129.5,17,135,45.9,648.7,"2019"
"315","TAB","Tabasco ",126.7,82.4,91.7,19.2,76.5,280.4,120.4,100.9,233.6,394.5,245.4,144.4,1916,"2019"
"316","TAMPS","Tamaulipas ",25.2,7.5,36.2,10.1,50.7,132,38,19.9,142.2,78.7,25.9,12.7,579.1,"2019"
"317","TLAX","Tlaxcala ",1.3,5.2,4.7,6.3,25.5,129.1,125.7,103.4,81.2,60.4,20.9,0.5,564.2,"2019"
"318","VER","Veracruz ",50.6,15.5,30.3,8,31.6,162.3,121.7,90.8,168,271.9,124.1,32.7,1107.6,"2019"
"319","YUC","Yucatán ",48.4,42.7,19,21.5,68.7,148.9,127.2,102.1,153.5,141.2,95.5,65.5,1034.2,"2019"
"320","ZAC","Zacatecas ",8.9,0.4,6.3,0.3,6.7,49.3,83.1,86.3,71.2,34.8,49.9,18.2,415.3,"2019"
"321","AGS","Aguascalientes ",38.5,28.4,1.5,4.6,17.3,72.6,162.8,77.3,81.9,4.5,0,8.9,498.1,"2020"
"322","BC","Baja California ",4.3,10.5,62.4,11.8,0.6,0,1.1,0.5,1.1,0.5,3.9,6.9,103.5,"2020"
"323","BCS","Baja California Sur ",1.9,8.8,36.9,0.2,0,0.8,6.6,22.4,17.8,3.6,1,3.1,103,"2020"
"324","CAMP","Campeche ",31.1,13.4,4.1,25.9,207.1,499.1,137.2,184.8,234.2,293.1,99.1,50.3,1779.3,"2020"
"325","COAH","Coahuila ",11.3,2.8,21.6,7.3,30.5,23.8,44.5,6,63.8,0.4,2.8,12.4,227.2,"2020"
"326","COL","Colima ",80.1,112.1,0,0,2.1,84.7,354.8,664.3,339.2,27,0,0.7,1665.1,"2020"
"327","CHIS","Chiapas ",28.4,46.9,21,32.4,239.4,409.1,182.5,345.9,373.1,251.8,199.1,38.3,2167.9,"2020"
"328","CHIH","Chihuahua ",6,20.2,27.3,3.3,6.2,19.5,82.8,32.4,49.1,0.1,1.5,12.4,260.8,"2020"
"329","CDMX","Ciudad de México ",11.3,5.3,8.1,21.9,32.8,59.7,103.8,107.8,97,20.1,1.5,0.5,469.7,"2020"
"330","DGO","Durango ",16.9,18.7,2.3,1,5.6,31.1,143.9,49.9,115.1,1.9,0.3,3.6,390.4,"2020"
"331","GTO","Guanajuato ",5.6,20.5,12.1,6.7,27.7,104.5,111.1,109.9,69.9,4.7,1.2,1.7,475.5,"2020"
"332","GRO","Guerrero ",4,4.9,2.9,7.8,11.9,133.1,179.4,307.3,226.4,43.2,4.5,2.7,928,"2020"
"333","HGO","Hidalgo ",34.5,9.8,6.9,39.3,46,64.6,60.9,80.8,111,21.4,22,4.4,501.5,"2020"
"334","JAL","Jalisco ",49.8,55.6,1.1,1.4,16,81.7,209.3,254.4,167.4,24.5,0.1,12.9,874.2,"2020"
"335","MEX","Estado de México ",7.8,8,16.2,29.3,26.6,115.6,184.2,184.5,150.6,29.2,3.5,3.3,758.9,"2020"
"336","MICH","Michoacán ",6.8,29.8,9,5.1,9.8,92.5,155.9,201,167.6,20.2,2.9,2.4,703,"2020"
"337","MOR","Morelos ",4,7.7,14.6,8.7,32.3,248.6,348,337.7,452.7,46.9,6.5,0,1507.5,"2020"
"338","NAY","Nayarit ",60.4,61.7,0.1,0.8,9.3,53.5,303,349,251.2,30.3,0,21.4,1140.5,"2020"
"339","NL","Nuevo León ",13,3.5,15.2,37,80.5,72.7,171.4,14.8,102.8,2.7,3.8,8,525.5,"2020"
"340","OAX","Oaxaca ",29.5,17,2.8,25.9,63.5,148.6,169.1,303.2,238.2,66,51.7,10.1,1125.6,"2020"
"341","PUE","Puebla ",25.9,12.8,9.6,41.3,68.5,171.9,172.2,239,285.1,40.5,29.6,7.9,1104.4,"2020"
"342","QRO","Querétaro ",23.7,12.5,19.3,17.2,34.4,66.4,83.3,58.6,70.3,13.4,6.6,1.3,407,"2020"
"343","QROO","Quintana Roo ",56.8,27.2,9.6,12,248.4,406,105.3,153,172.3,354.9,254.9,70.3,1870.7,"2020"
"344","SLP","San Luis Potosí ",29,6,8.6,28.1,47.1,65.4,96.2,56.8,81.3,9.6,15.6,2.8,446.3,"2020"
"345","SIN","Sinaloa ",21.4,54.9,3,1.7,2.3,14.9,221.8,162.3,150.6,6.4,1.9,12.3,653.4,"2020"
"346","SON","Sonora ",9.2,25.6,82.1,2.5,7.3,12,93.5,74.8,17.8,0.2,1.8,16.4,343,"2020"
"347","TAB","Tabasco ",75.3,137.8,18.8,36.3,281.7,385.7,92.9,303.1,461.3,550.4,501.3,173.3,3017.9,"2020"
"348","TAMPS","Tamaulipas ",19.9,3.1,12.9,35.9,120,117.3,128.5,53.2,105.9,17.6,10.4,6.5,631.1,"2020"
"349","TLAX","Tlaxcala ",8.8,1.1,3.3,34.9,46,64,123.4,106.1,114.9,31.5,3.8,0.6,538.4,"2020"
"350","VER","Veracruz ",85.2,56.6,8.1,50.7,135.6,218,107.5,243.5,282.2,123.1,189.6,48.6,1548.6,"2020"
"351","YUC","Yucatán ",29.5,8,4.1,23.4,194.8,551.9,121.8,144.9,166.5,402.7,103.3,51.6,1802.2,"2020"
"352","ZAC","Zacatecas ",27.4,19.6,2.3,2.7,13.3,56.7,153.7,51.1,68.5,3.7,0,7.2,406.3,"2020"
"353","AGS","Aguascalientes ",6.2,0,0,1.9,22.7,124.1,176.6,117.5,185.5,NA,NA,NA,NA,"2021"
"354","BC","Baja California ",26.8,1.3,14.1,1.4,0,0.2,3,7.5,3.8,NA,NA,NA,NA,"2021"
"355","BCS","Baja California Sur ",12.2,0.2,0.1,0,0,9.4,10.8,53.5,53.7,NA,NA,NA,NA,"2021"
"356","CAMP","Campeche ",52.8,21.1,30.4,21.6,137.5,196.8,143.6,147.7,230.4,NA,NA,NA,NA,"2021"
"357","COAH","Coahuila ",3.5,4.6,0.2,10.9,37.3,34.1,55.7,43,24.1,NA,NA,NA,NA,"2021"
"358","COL","Colima ",0.7,0,0,0,2.5,691.7,249.6,705.1,443.7,NA,NA,NA,NA,"2021"
"359","CHIS","Chiapas ",52.1,17,48.7,31.3,230.2,319.2,162.7,299,320.1,NA,NA,NA,NA,"2021"
"360","CHIH","Chihuahua ",20.6,9.3,0.7,3,6.8,61.6,114.2,105.4,46.1,NA,NA,NA,NA,"2021"
"361","CDMX","Ciudad de México ",4.7,0.9,2.6,12.5,73.3,153.1,92.1,126.7,120.4,NA,NA,NA,NA,"2021"
"362","DGO","Durango ",3.2,0.1,0,2.4,7.3,70.2,131.2,121.5,68.9,NA,NA,NA,NA,"2021"
"363","GTO","Guanajuato ",4.8,0.2,0.2,3.8,62,137.3,148.6,170.3,201.8,NA,NA,NA,NA,"2021"
"364","GRO","Guerrero ",2.9,0.2,1.3,0.9,64.6,323.5,153.8,345.8,240.5,NA,NA,NA,NA,"2021"
"365","HGO","Hidalgo ",12.6,4.6,10,27.1,53.1,131.2,62,135.7,119.1,NA,NA,NA,NA,"2021"
"366","JAL","Jalisco ",1.1,0.3,0,0.8,17.1,234.3,256.4,271,235.6,NA,NA,NA,NA,"2021"
"367","MEX","Estado de México ",4.1,0.5,9.9,18.3,78.7,190.3,164.1,179.8,213.6,NA,NA,NA,NA,"2021"
"368","MICH","Michoacán ",0.2,0,0.9,2.4,26.5,225,170.7,245.6,182.5,NA,NA,NA,NA,"2021"
"369","MOR","Morelos ",13.4,0.1,13.8,3.3,148.4,413.1,228.7,404.9,467.6,NA,NA,NA,NA,"2021"
"370","NAY","Nayarit ",0.3,0.2,0,0.5,1.4,235.5,328.5,408.4,322.6,NA,NA,NA,NA,"2021"
"371","NL","Nuevo León ",10,6.4,5.5,22.6,79.2,90.1,99.9,43.2,42.1,NA,NA,NA,NA,"2021"
"372","OAX","Oaxaca ",26,8.8,5,16.9,122.8,318.9,132.1,231.1,249.7,NA,NA,NA,NA,"2021"
"373","PUE","Puebla ",33,7.2,14.1,31.5,147.5,243.7,135.7,231.7,265,NA,NA,NA,NA,"2021"
"374","QRO","Querétaro ",3.8,1.2,1.6,10.5,62.9,125.2,84.4,131.3,158.6,NA,NA,NA,NA,"2021"
"375","QROO","Quintana Roo ",79.2,39.5,54.3,51.9,70.4,242.3,113.5,172.5,210.7,NA,NA,NA,NA,"2021"
"376","SLP","San Luis Potosí ",9.4,3,2.9,13.5,55,116.4,123.4,103.4,114,NA,NA,NA,NA,"2021"
"377","SIN","Sinaloa ",14.9,0.6,0,0.8,3.2,107.3,184,391.7,141.9,NA,NA,NA,NA,"2021"
"378","SON","Sonora ",42.2,1.5,2.9,0.3,0.1,34,142.5,142.6,75.7,NA,NA,NA,NA,"2021"
"379","TAB","Tabasco ",150,42.9,66.7,28,168.9,249.7,112.4,148.4,320.7,NA,NA,NA,NA,"2021"
"380","TAMPS","Tamaulipas ",17.3,13.3,10.5,16.5,99.9,116.5,168.8,52.5,97.4,NA,NA,NA,NA,"2021"
"381","TLAX","Tlaxcala ",11.9,0.6,2,18.8,77.4,130.7,96.2,130.6,165.2,NA,NA,NA,NA,"2021"
"382","VER","Veracruz ",85,25.4,22.7,32.1,103.5,276.7,140.9,236.9,218.3,NA,NA,NA,NA,"2021"
"383","YUC","Yucatán ",45.9,55.1,23,47.6,118.8,230.9,118.2,178.5,181.4,NA,NA,NA,NA,"2021"
"384","ZAC","Zacatecas ",1.5,0,0,2,17,98,148.3,108.5,117.4,NA,NA,NA,NA,"2021"
